time,open,high,low,close,Close Series,Open Series,Long TSL,Long TSL Activation,Volume
1601523900,27.5,29.670001,25.7,26.625,0,0,,0,112676220
1602042300,26.289999,27.6,26.25,27.485001,0,0,,0,21152540
1602474300,27.5,27.689999,26.060001,26.179999,0,0,,0,10417920
1602733500,26.3,26.614999,23.43,23.585001,0,0,,0,7551010
1603165500,23.585001,24.460001,22.22,23.895,0,0,,0,19489890
1603424700,24.145,29.85,23.560001,29.85,0,0,,0,54137040
1603856700,30.589999,37.9,27.885001,35.335001,0,0,,0,134863550
1604288700,35.364999,35.4,29.064999,30.970001,0,0,,0,25509970
1604547900,31.520001,34.270001,30.479999,33.45,0,0,,0,27683770
1604979900,33.989999,34.589999,32.3,33.804999,0,0,,0,17450350
1605239100,33.525,36.410001,33.525,34.95,0,0,,0,16972510
1605671100,35.045001,36.935001,34.685001,35.979999,0,0,,0,10116000
1606103100,36,36.389999,35.175,35.25,32.048999800000004,30.8759996,,0,5927610
1606362300,35.595001,36.029999,35.025,35.054999,32.048999800000004,30.8759996,,0,5374770
1606880700,35.145001,35.395001,34.714999,34.785001,32.048999800000004,30.8759996,,0,3653640
1607312700,35.2,40.8,35.004999,35.860001,32.79219964,31.74079968,,0,19895050
1607571900,36.029999,36.875,35.375,35.604999,32.79219964,31.74079968,,0,6739590
1608003900,35.320001,36.485001,35.310001,35.764999,32.79219964,31.74079968,,0,4733690
1608263100,35.820001,36.189999,31.504999,32.589999,32.994759512,32.556639944,,0,12711150
1608695100,32.6,34.4,32.6,33.685001,32.994759512,32.556639944,,0,5157340
1609213500,33.8,34.4,32.95,33.804999,32.994759512,32.556639944,,0,7393510
1609472700,33.8,35.770001,33.470001,35.435001,33.3718074096,32.8053119552,,0,16131370
1609904700,35.55,37.579999,34.870001,36.4,33.3718074096,32.8053119552,,0,11214150
1610336700,36.55,36.960001,34.7,34.879999,33.3718074096,32.8053119552,,0,6155730
1610595900,34.9,36,34.575,34.6,34.037445927680004,33.22424956416,,0,6548700
1611027900,34.835001,37,34.835001,35.964999,34.037445927680004,33.22424956416,,0,4157090
1611287100,36.185001,37.05,35.1,36.7,34.037445927680004,33.22424956416,,0,4821170
1611805500,36.6,37.789999,32.085001,33.514999,34.150956542144,33.899399651328,,0,12013410
1612237500,34.2,36,33.614999,34.889999,34.150956542144,33.899399651328,,0,8023510
1612496700,34.4,35.310001,33.714999,34.604999,34.150956542144,33.899399651328,,0,5290490
1612928700,34.5,34.789999,33.8,34.370001,33.8327654337152,34.019519721062395,,0,1564670
1613360700,34.370001,34.675,33.020001,33.389999,33.8327654337152,34.019519721062395,,0,2281930
1613619900,33.4,33.4,32.375,32.560001,33.8327654337152,34.019519721062395,,0,4865300
1614051900,32.7,33.95,31.7,33.404999,33.65321234697216,33.755615776849915,,0,4436760
1614311100,33.389999,33.475,32.34,32.42,33.65321234697216,33.755615776849915,,0,1476300
1614743100,32.95,34.635,32.5,32.935,33.65321234697216,33.755615776849915,,0,4746210
1615175100,33.6,33.6,32.705,32.81,33.08056987757773,33.72449262147993,,0,2386640
1615520700,33.175,33.8,32.28,32.83,33.08056987757773,33.72449262147993,,0,7324650
1615952700,32.9,32.985,30,30.79,33.08056987757773,33.72449262147993,,0,6192010
1616384700,30.6,31.79,30.535,30.835,32.30145590206219,33.099594097183946,,0,1955070
1616643900,30.835,30.9,29.4,29.58,32.30145590206219,33.099594097183946,,0,3574620
1617162300,29.79,30.3,28.66,29.185,32.30145590206219,33.099594097183946,,0,8952830
1617680700,29.5,30.36,28.8,30.035,32.49816472164975,32.379675277747154,,0,3447050
1617939900,29.9,31.1,28.635,29.2,32.49816472164975,32.379675277747154,30.6335,1,4338630
1618458300,28.81,34.2,28.81,33.285,32.49816472164975,32.379675277747154,,0,18170050
1618890300,33.4,37.95,33.4,34.615,33.6175317773198,32.583740222197726,,0,26281570
1619408700,35.395,38.5,34.625,36.545,33.6175317773198,32.583740222197726,,0,16556990
1619667900,36.705,38.375,35.425,38.095,33.6175317773198,32.583740222197726,,0,10445070
1620099900,38.46,51.22,38.405,51.22,39.99002542185584,33.75899217775818,,0,125647640
1620359100,55,67.835,51.655,66.415,39.99002542185584,33.75899217775818,,0,97637780
1620791100,66.1,69,62.94,65.48,39.99002542185584,33.75899217775818,,0,29751460
1621309500,65.48,71.93,64.5,71.93,46.891020337484676,40.10319374220654,,0,16040990
1621568700,75.525,78.67,69.11,71.47,46.891020337484676,40.10319374220654,,0,21624560
1622000700,69.9,78.7,67.9,74.495,46.891020337484676,40.10319374220654,,0,18069430
1622432700,74.6,79.495,72.66,75.75,55.19781626998774,47.00255499376523,,0,21958120
1622691900,76.3,96.265,76.13,92.77,55.19781626998774,47.00255499376523,,0,45286500
1623123900,91.995,96.5,81.57,88.425,55.19781626998774,47.00255499376523,,0,31453580
1623383100,88.87,89.4,82.13,85.12,60.59325301599019,55.37604399501218,,0,6837880
1623815100,85.48,86.5,76.575,80.085,60.59325301599019,55.37604399501218,,0,9174770
1624247100,78.515,86,76.805,82.175,60.59325301599019,55.37604399501218,,0,7287350
1624506300,81.805,82.9,79.2,81.11,66.38460241279215,60.66183519600975,,0,2813800
1624938300,81.52,89.225,81.1,87.505,66.38460241279215,60.66183519600975,,0,13230360
1625197500,88.04,90.6,86.675,89.55,66.38460241279215,60.66183519600975,,0,9842810
1625629500,90.2,98.4,88.8,96.52,80.2526819302337,66.5694681568078,,0,38371800
1626061500,96.8,109.2,96.8,107.025,80.2526819302337,66.5694681568078,,0,26812040
1626320700,107.95,147.5,99.5,135.725,80.2526819302337,66.5694681568078,,0,66453300
1626752700,138.25,142.995,124.7,130.58,90.32114554418698,80.90557452544624,,0,27151500
1627271100,129,129.89,117.44,121.56,90.32114554418698,80.90557452544624,,0,15584480
1627530300,121.5,130.595,117.125,130.595,90.32114554418698,80.90557452544624,,0,14947650
1627962300,135.1,139.595,123.7,131.965,96.96691643534959,91.74445962035699,,0,18204760
1628221500,132.3,133.12,114.3,121.25,96.96691643534959,91.74445962035699,,0,7379010
1628653500,123.245,124.995,112.405,123.55,96.96691643534959,91.74445962035699,,0,11975450
1629085500,123.7,124,119,119.61,99.40453314827967,98.13556769628559,,0,3348560
1629431100,115.7,120.225,101.4,111.07,99.40453314827967,98.13556769628559,,0,14793270
1629863100,112.4,115,106.745,109.155,99.40453314827967,98.13556769628559,,0,4548110
1630295100,110.88,124.865,109.515,117.99,104.10062651862374,100.68445415702847,,0,9960850
1630554300,118.98,126,115.505,122.35,104.10062651862374,100.68445415702847,,0,8821630
1630986300,122.8,124.795,117.505,122.885,104.10062651862374,100.68445415702847,,0,6978810
1631504700,122.99,133.48,122.985,126.98,108.15650121489898,105.14556332562276,,0,15950830
1631763900,127.68,132.5,120.23,122.62,108.15650121489898,105.14556332562276,,0,10419590
1632195900,124,129.7,118.8,124.38,108.15650121489898,105.14556332562276,,0,10418870
1632455100,125,135,122.75,128.215,113.23020097191917,109.1164506604982,,0,16229480
1632887100,127.7,145.5,126,143.925,113.23020097191917,109.1164506604982,,0,30032170
1633319100,146,149.275,132.015,133.525,113.23020097191917,109.1164506604982,,0,21186640
1633578300,135.91,142.5,134.715,137.7,118.54416077753535,114.47516052839856,,0,14386720
1634010300,137.88,168.9,137.22,163.7,118.54416077753535,114.47516052839856,,0,70560390
1634528700,163.8,165.44,135.25,139.8,118.54416077753535,114.47516052839856,,0,24917530
1634787900,143,146,122.2,124.86,119.45532862202829,120.18012842271885,,0,38830930
1635219900,126.5,131.3,123,127.13,119.45532862202829,120.18012842271885,,0,11030410
1635479100,126.495,128,121.1,123.1,119.45532862202829,120.18012842271885,,0,9864820
1635911100,124.16,126.105,121.52,123.23,119.96926289762264,120.97610273817509,,0,5636600
1636429500,123.8,125.99,122.1,122.525,119.96926289762264,120.97610273817509,,0,11153250
1636688700,123,124,120.405,122.025,119.96926289762264,120.97610273817509,,0,8169780
1637120700,122.3,122.495,100.695,106.875,116.26041031809811,121.24088219054006,,0,10975840
1637639100,103.44,121.78,102.705,119.065,116.26041031809811,121.24088219054006,,0,17618500
1637898300,116.22,117.9,99.05,101.425,116.26041031809811,121.24088219054006,,0,18996950
1638330300,102.295,117.655,101,113.905,115.56432825447848,117.45170575243205,,0,21836030
1638762300,115,115.99,108.8,112.255,115.56432825447848,117.45170575243205,,0,9883720
1639021500,113.5,117.9,111.795,112.78,115.56432825447848,117.45170575243205,,0,7805930
1639453500,111.9,120.2,111.565,117.48,115.65746260358279,116.34136460194563,,0,11489510
1639712700,117.5,120.4,104.25,117.875,115.65746260358279,116.34136460194563,,0,17818850
1640144700,118.4,121.3,114.105,116.03,115.65746260358279,116.34136460194563,,0,11525750
1640576700,115.3,120.3,113.07,119.33,116.16697008286624,116.1330916815565,,0,6822030
1640835900,120.34,120.4,117.7,118.205,116.16697008286624,116.1330916815565,117.94300000000001,0,3690740
1641181500,119,125.95,118.56,124.23,118.68957606629299,116.7064733452452,124.06075,1,18247820
1641440700,123.37,128.25,121.625,127.48,118.68957606629299,116.7064733452452,,0,18471400
1641872700,127.39,129.565,124.31,128.78,118.68957606629299,116.7064733452452,,0,14935260
1642131900,129,142.965,127.55,138.39,123.0516608530344,119.16517867619616,,0,61745040
1642563900,139.495,152.78,137.51,151.35,123.0516608530344,119.16517867619616,,0,50456840
1642995900,151.4,151.6,126.11,140.5,123.0516608530344,119.16517867619616,,0,34321470
1643341500,141.4,142.5,134.315,138.685,125.18232868242754,123.61214294095694,,0,10364350
1643773500,139.74,142.5,138,138.425,125.18232868242754,123.61214294095694,,0,8010250
1644205500,138.415,138.87,131.5,133.705,125.18232868242754,123.61214294095694,,0,13645750
1644464700,134.775,138.245,120.295,123.04,125.83886294594204,125.84471435276555,,0,14564750
1644896700,118.04,134.4,118.04,130.745,125.83886294594204,125.84471435276555,,0,12352850
1645155900,129,133.805,127,128.465,125.83886294594204,125.84471435276555,,0,10117280
1645587900,131.4,138,121.31,133.215,126.03309035675363,126.95577148221244,,0,14616510
1646019900,132.525,137.935,128.805,130.15,126.03309035675363,126.95577148221244,,0,11393300
1646365500,129.9,132.5,124,126.81,126.03309035675363,126.95577148221244,,0,10065490
1646797500,129.195,133.5,125.6,129.6,133.09847228540292,127.40361718576996,,0,13622240
1647229500,130.6,145.3,125.81,141.74,133.09847228540292,127.40361718576996,143.12050000000002,1,30479470
1647488700,143.4,171.82,142.78,161.36,133.09847228540292,127.40361718576996,,0,102722290
1648007100,162.4,166,160.12,160.84,139.07677782832235,134.40289374861598,,0,12417910
1648439100,161.95,162.78,149,152.49,139.07677782832235,134.40289374861598,,0,10783430
1648698300,153.87,164.7,151.14,162.99,139.07677782832235,134.40289374861598,,0,16711010
1649130300,164.5,174,160.1,167.415,145.26642226265787,140.42231499889277,,0,23676940
1649389500,168.78,178.24,165.24,170.105,145.26642226265787,140.42231499889277,,0,33272790
1649821500,171.495,174.195,164.395,170.025,145.26642226265787,140.42231499889277,,0,21753810
1650426300,172.9,199.1,160.705,189.505,152.4671378101263,146.91785199911422,,0,141589050
1650858300,187.4,189.265,180.025,183.875,152.4671378101263,146.91785199911422,,0,26667990
1651117500,185.4,202.2,179.2,181.27,152.4671378101263,146.91785199911422,,0,44880320
1651635900,184,184,133.3,145.25,148.57171024810106,154.3342815992914,,0,69111020
1652067900,140.5,151.605,134.33,136.975,148.57171024810106,154.3342815992914,,0,39573390
1652327100,136.4,140.555,126.7,132.99,148.57171024810106,154.3342815992914,,0,26580900
1652759100,134.99,153.9,133.81,144.835,145.43836819848084,150.4654252794331,,0,51256450
1653018300,151,152,140.19,142.18,145.43836819848084,150.4654252794331,,0,21661640
1653450300,142.495,143.79,127.2,132.905,145.43836819848084,150.4654252794331,,0,25896360
1653882300,135.8,153.8,135.1,149.415,145.9416945587847,147.5323402235465,,0,38516950
1654141500,149.37,155.57,143,145.375,145.9416945587847,147.5323402235465,,0,20115400
1654573500,143.5,152,143.28,147.955,145.9416945587847,147.5323402235465,,0,19413700
1654832700,146,148.195,128.69,129.355,139.72235564702777,147.2258721788372,,0,17559660
1655264700,131.5,134,117.505,119.565,139.72235564702777,147.2258721788372,,0,31308750
1655696700,121.13,121.4,106.6,114.845,139.72235564702777,147.2258721788372,,0,34034990
1655955900,114.8,125.9,113.555,124.625,136.91888451762222,140.74069774306975,,0,22723910
1656387900,123.08,124.7,119.1,120.62,136.91888451762222,140.74069774306975,,0,12530560
1656647100,120.2,130.45,118.5,125.705,136.91888451762222,140.74069774306975,,0,20434960
1657079100,126.46,132.285,122.2,128.955,135.28110761409778,137.8845581944558,,0,16647970
1657511100,128.3,137.1,127.9,131.045,135.28110761409778,137.8845581944558,,0,17496650
1657770300,132.5,133.8,126.02,128.73,135.28110761409778,137.8845581944558,,0,18314640
1658202300,128.04,141.8,126.43,138.825,135.56088609127823,135.91564655556462,,0,23524140
1658461500,140,146.9,133.5,134.935,135.56088609127823,135.91564655556462,,0,22622730
1658893500,135,138.99,132.25,136.68,135.56088609127823,135.91564655556462,,0,12219520
1659325500,138,138.77,128.895,131.31,134.0937088730226,136.3325172444517,,0,11797920
1659584700,132.5,132.73,124.22,128.775,134.0937088730226,136.3325172444517,,0,16978560
1660103100,128.925,131.335,125.5,128.225,134.0937088730226,136.3325172444517,,0,12965110
1660621500,128.8,135.4,127.195,133.115,133.93396709841807,134.82601379556135,,0,15457990
1660880700,132.2,134,126.4,127.89,133.93396709841807,134.82601379556135,,0,9665220
1661312700,128.785,136.4,125.815,133.295,133.93396709841807,134.82601379556135,,0,15803950
1661744700,127.5,133.2,127.235,131.63,138.79817367873446,133.3608110364491,,0,8954910
1662090300,132.46,143.38,132.1,138.705,138.79817367873446,133.3608110364491,141.2293,1,21542990
1662522300,138.845,161.52,138.57,158.255,138.79817367873446,133.3608110364491,,0,51757760
1662954300,158,160.42,150.7,156.305,141.17853894298756,138.28864882915929,,0,12744340
1663213500,157.09,163.1,153.05,157.21,141.17853894298756,138.28864882915929,,0,14225070
1663645500,160,160,149.51,150.7,141.17853894298756,138.28864882915929,,0,9169130
1663904700,150.8,152.69,135.105,136.13,143.75283115439007,140.7909190633274,,0,10017660
1664336700,135,137.96,130,136.2,143.75283115439007,140.7909190633274,,0,9816160
1664768700,136.885,156.8,133.935,154.05,143.75283115439007,140.7909190633274,,0,37201420
1665114300,154.05,161.89,149.52,156.79,147.21026492351206,143.4427352506619,,0,23784530
1665546300,157.885,167.4,156.255,164.96,147.21026492351206,143.4427352506619,,0,47970170
1665978300,163.66,164.8,154.355,161.04,147.21026492351206,143.4427352506619,,0,21457760
1666237500,159,162.5,158.3,161.855,149.80321193880962,146.55418820052952,,0,9967410
1666669500,162.2,165.595,159.315,163.425,149.80321193880962,146.55418820052952,,0,13034040
1667187900,163.5,163.5,159.4,160.175,149.80321193880962,146.55418820052952,,0,6710390
1667447100,159.5,160.36,154.44,155.145,150.5565695510477,149.1433505604236,,0,5901700
1667965500,156.9,156.9,143.075,143.61,150.5565695510477,149.1433505604236,,0,8088590
1668397500,144.28,155.2,142.52,153.57,150.5565695510477,149.1433505604236,,0,13272230
1668656700,153,154.095,147.11,148.52,152.11425564083817,149.91468044833888,,0,7058470
1669088700,148.59,151.385,143.02,149.54,152.11425564083817,149.91468044833888,,0,9663300
1669347900,150.29,161.67,149.1,158.345,152.11425564083817,149.91468044833888,,0,13071410
1669779900,159.3,162.35,158.5,161.915,151.34740451267052,151.7917443586711,,0,12652960
1670211900,158.99,159.485,152.5,153.625,151.34740451267052,151.7917443586711,,0,10612150
1670471100,153.98,154.2,147.61,148.28,151.34740451267052,151.7917443586711,,0,4763930
1670903100,148.995,155.455,148.1,148.675,145.98992361013643,151.2323954869369,,0,9813610
1671162300,148.905,149.89,135.99,136.85,145.98992361013643,151.2323954869369,,0,12893860
1671594300,138.5,138.5,123.02,124.56,145.98992361013643,151.2323954869369,,0,18930430
1672026300,125.185,132.845,124.2,130.345,143.01893888810915,146.02291638954952,,0,7365070
1672285500,129,134.75,129,131.135,143.01893888810915,146.02291638954952,,0,6743520
1672631100,132.025,136.875,129.3,133.255,140.0701511104873,143.22333311163962,,0,13022860
1672890300,134.26,134.5,127.5,128.49,140.0701511104873,143.22333311163962,,0,9302970
1673322300,129.135,130.7,127.6,128.275,140.0701511104873,143.22333311163962,,0,6620380
1673581500,129,133,127.6,129.29,137.08912088838983,140.37866648931168,,0,14383930
1674013500,129.5,130.545,125.425,129.555,137.08912088838983,140.37866648931168,,0,11404110
1674445500,130.63,131.1,124.36,125.165,137.08912088838983,140.37866648931168,,0,4767450
1674791100,123.5,124.755,116.465,122.76,132.86929671071186,137.00293319144936,,0,12161800
1675223100,124.5,126.685,118.7,121.34,132.86929671071186,137.00293319144936,,0,6606550
1675655100,121.095,121.27,115.7,115.99,132.86929671071186,137.00293319144936,,0,6182140
1675914300,117.5,117.6,112,113.485,127.79943736856949,133.1023465531595,,0,9539560
1676346300,114.01,114.4,110.97,113.23,127.79943736856949,133.1023465531595,,0,3774340
1676605500,110.6,112.125,106.955,107.52,127.79943736856949,133.1023465531595,,0,10794690
1677037500,107.395,108.9,104.24,105.91,124.68154989485558,127.96087724252759,,0,7303500
1677469500,106.43,106.895,99.9,100.285,124.68154989485558,127.96087724252759,,0,12420540
1677728700,100.805,115.8,100.65,112.21,124.68154989485558,127.96087724252759,,0,42898290
1678247100,112.21,116.6,110.22,114.295,121.33123991588445,124.81070179402207,,0,14861180
1678679100,114.295,114.485,105.765,107.225,121.33123991588445,124.81070179402207,,0,15138900
1678938300,107.765,112.95,101,107.93,121.33123991588445,124.81070179402207,,0,11924090
1679370300,108.995,119.565,107.2,118.19,120.42899193270755,121.64756143521765,,0,16884080
1679629500,118.05,120.5,111.425,113.88,120.42899193270755,121.64756143521765,,0,21671230
1680061500,113.995,118.1,113.31,116.82,120.42899193270755,121.64756143521765,,0,10423360
1680666300,117.7,122.59,116.4,122.08,121.57919354616604,120.85804914817413,,0,13956680
1681184700,122.4,126.8,121.5,126.37,121.57919354616604,120.85804914817413,124.898,1,10657880
1681703100,126.37,135.885,125.8,126.18,121.57919354616604,120.85804914817413,133.846725,0,38356800
1681962300,126.545,127.685,120.8,123.4,121.85135483693284,121.9954393185393,,0,11832710
1682394300,123.77,125.675,121.5,123.255,121.85135483693284,121.9954393185393,,0,6512600
1682653500,123.295,124.3,122.005,122.94,121.85135483693284,121.9954393185393,,0,5913140
1683171900,122.5,129.545,121.64,126.85,123.31408386954627,122.09635145483144,,0,12174300
1683603900,127.5,133.485,127.065,129.875,123.31408386954627,122.09635145483144,131.48272500000002,1,13075010
1683863100,129.5,132.4,128.515,129.165,123.31408386954627,122.09635145483144,,0,5938640
1684295100,129.1,129.7,118.12,119.59,124.92826709563701,123.49708116386515,,0,10726880
1684727100,120.3,126.9,119.81,121.495,124.92826709563701,123.49708116386515,,0,12785990
1684986300,122.12,132,121.45,131.385,124.92826709563701,123.49708116386515,,0,12611240
1685418300,131.695,136.89,128.045,134.04,129.73061367650962,125.13666493109213,,0,12957210
1685677500,134.6,145.5,129.7,144.565,129.73061367650962,125.13666493109213,,0,28785840
1686109500,144.565,149.6,141.55,148.94,129.73061367650962,125.13666493109213,,0,17728100
1686541500,150.2,155,146.93,154.35,135.1624909412077,130.14933194487372,,0,11939700
1686800700,154.355,157.695,150.81,155.835,135.1624909412077,130.14933194487372,,0,9769380
1687232700,157.1,163.2,155.625,156.89,135.1624909412077,130.14933194487372,,0,21678700
1687491900,157.13,172.7,157.13,172.295,143.39199275296613,135.54546555589897,,0,27858580
1687923900,172.695,176.6,169.55,174.805,143.39199275296613,135.54546555589897,,0,9916400
1688442300,176.535,180.115,175.16,176.31,143.39199275296613,135.54546555589897,,0,12737900
1688701500,176.2,178.16,163.62,174.045,144.7945942023729,143.67637244471916,,0,10812430
1689133500,175,180.485,170.15,170.83,144.7945942023729,143.67637244471916,,0,27939610
1689565500,162.2,163.88,145.2,150.405,144.7945942023729,143.67637244471916,,0,62512700
1689824700,151.75,165.42,151.51,159.72,146.15367536189834,145.29109795577534,,0,27431160
1690256700,160.89,161.88,157.205,159.085,146.15367536189834,145.29109795577534,,0,7851680
1690515900,159.285,159.875,151.04,151.59,146.15367536189834,145.29109795577534,,0,10486820
1690947900,152,152.5,146.2,150.395,152.43194028951865,146.63287836462027,,0,7474610
1691379900,153.2,177.495,150.105,173.415,152.43194028951865,146.63287836462027,,0,38971000
1691639100,172.1,180.095,170.175,177.545,152.43194028951865,146.63287836462027,,0,18684450
1692157500,177.99,181,174.125,176.125,157.8295522316149,152.90430269169622,,0,13667390
1692589500,176.145,180.325,172.6,175.32,157.8295522316149,152.90430269169622,,0,8408170
1692848700,176.5,180,167.105,179.42,157.8295522316149,152.90430269169622,,0,10636200
1693280700,180.6,188.1,175.7,186.985,163.79964178529195,158.44344215335698,,0,23339420
1693539900,189.5,193.725,183.5,184.995,163.79964178529195,158.44344215335698,,0,22615380
1693971900,186.5,188.88,181.5,187.68,163.79964178529195,158.44344215335698,,0,10297060
1694403900,187.97,192.195,170.5,175.62,167.88771342823355,164.3487537226856,,0,14757610
1694663100,176.3,190.625,174.005,189.785,167.88771342823355,164.3487537226856,,0,14177960
1695181500,189.2,189.785,180.495,184.24,167.88771342823355,164.3487537226856,,0,8690830
1695613500,185.27,196.59,183.63,194.37,173.86317074258685,168.53300297814846,,0,14501370
1695872700,194.7,195.185,182.405,184.025,173.86317074258685,168.53300297814846,,0,13909340
1696391100,184.47,204.295,182.655,197.765,173.86317074258685,168.53300297814846,,0,31304080
1696823100,193.7,213.6,193.49,210.27,183.09953659406946,173.56640238251876,,0,30135140
1697082300,212.4,224.925,204.6,205.945,183.09953659406946,173.56640238251876,,0,63526770
1697514300,208.7,220.5,207.505,220.045,183.09953659406946,173.56640238251876,,0,24636860
1697773500,220.4,243.7,219.66499,230.41001,199.29362927525557,182.933121906015,,0,63156220
1698291900,229.4,257.61499,224.17,256.36001,199.29362927525557,182.933121906015,,0,48385830
1698723900,256.1,268.7,253.21001,264.07,199.29362927525557,182.933121906015,,0,26541700
1698983100,265,289.78501,249.33999,253.655,220.13690542020444,199.346497524812,,0,60440420
1699415100,254.9,276.08999,254.76001,272.03501,220.13690542020444,199.346497524812,,0,31225170
1699793100,274,309,271.1,303.51001,220.13690542020444,199.346497524812,,0,31778270
1700106300,304.5,304.9,289,299.61001,237.87352433616357,220.37719801984957,,0,30708720
1700538300,302,303.21499,292.13501,295.25,237.87352433616357,220.37719801984957,,0,14657440
1700797500,297,319.5,297,308.82,237.87352433616357,220.37719801984957,,0,33740850
1701315900,307.55,312.5,295.66001,297.25,251.6178194689309,237.81175841587964,,0,18295260
1701747900,299.8,324.505,290.3,307.25,251.6178194689309,237.81175841587964,,0,46900300
1702007100,309.1,309.7,294.01001,306.595,251.6178194689309,237.81175841587964,,0,20458790
1702439100,306.705,330.425,296.6,326.13,267.0582555751447,251.59040673270368,,0,27928180
1702871100,324.8,338.5,312.5,318.045,267.0582555751447,251.59040673270368,,0,16780770
1703130300,318.045,335,313.41499,328.82,267.0582555751447,251.59040673270368,,0,8320950
1703648700,330.5,350.5,327.91001,348.78,283.40260446011575,267.37232538616297,,0,12209300
1704080700,348.4,364.2,346.38,347.93999,302.4760835680926,283.5778603089304,,0,7815060
1704339900,359.6,388.41499,355.005,380.56499,302.4760835680926,283.5778603089304,,0,16225360
1704771900,382.93999,389.6,369.255,378.77,302.4760835680926,283.5778603089304,,0,8763860
1705031100,382.48999,389.5,328,332.98999,300.7138648544741,303.3602862471443,,0,33671960
1705463100,339,349.4,324.01499,333.8,300.7138648544741,303.3602862471443,,0,21199540
1705722300,334.97,334.97,287.605,293.66499,300.7138648544741,303.3602862471443,,0,16986040
1706154300,296,311.43999,284.35,309.375,307.4710918835793,301.88822899771543,,0,20964470
1706672700,311.7,343.61001,307.13,333.83501,307.4710918835793,301.88822899771543,338.45585984999997,1,14724210
1707104700,332.5,336.345,306.02,334.5,307.4710918835793,301.88822899771543,,0,10395770
1707363900,336.3,343.82,318,320.42,308.9588755068634,308.77058319817235,,0,7823800
1707795900,320.42,331.845,311.705,326.975,308.9588755068634,308.77058319817235,,0,4482840
1708055100,328.7,330.895,312.445,314.91001,308.9588755068634,308.77058319817235,,0,4366850
1708487100,317,318.58,302.21001,303.83501,303.83009840549073,310.4164665585379,,0,7342950
1708919100,304,309.21001,285.655,286.72,303.83009840549073,310.4164665585379,,0,8994050
1709178300,286.9,290,275.05,283.31499,303.83009840549073,310.4164665585379,,0,11869150
1709523900,292.5,295.53999,275,276.005,295.56307872439254,306.8331732468303,,0,15294990
1709783100,278.425,282.31001,250.2,252.61001,295.56307872439254,306.8331732468303,,0,12222050
1710301500,253.88,270.4,233.53999,262.495,295.56307872439254,306.8331732468303,,0,21035750
1710733500,262.495,267.8,245.65,259.16499,296.96046297951403,297.9655385974643,,0,10621030
1710992700,264.995,276.08999,260.18501,272.205,296.96046297951403,297.9655385974643,,0,12297870
1711511100,273.005,314.395,265.38999,302.55,296.96046297951403,297.9655385974643,,0,25851220
1712029500,301.805,322.91499,297.005,301.98999,294.2713683836112,298.73343087797144,,0,19241800
1712288700,300.08999,304.225,283.6,285,294.2713683836112,298.73343087797144,,0,11878960
1712720700,285.47,293.77,272.205,283.51499,294.2713683836112,298.73343087797144,,0,11050810
1713239100,277,310,267.545,268.81001,290.69409670688896,294.38674470237714,,0,41792740
1713757500,272.995,288.4,271.125,284.18999,290.69409670688896,294.38674470237714,,0,14131060
1714016700,282.475,292.6,275,276.38501,290.69409670688896,294.38674470237714,,0,8981290
1714448700,278.995,283,270.555,271.67,282.0942773655112,291.30839576190175,,0,10628940
1714967100,274.225,274.995,256,257.13501,282.0942773655112,291.30839576190175,,0,10785980
1715226300,258.5,261.48501,240.1,247.695,282.0942773655112,291.30839576190175,,0,21846070
1715658300,249,273,249,272.13501,277.66642189240895,282.8467166095214,,0,18200110
1715917500,273.5,277,263.5,265.7,277.66642189240895,282.8467166095214,,0,8366500
1716349500,267,267.67,259.5,259.955,277.66642189240895,282.8467166095214,,0,8235540
1716781500,262.5,266.46001,248.6,249.25,272.43213751392716,278.77737328761714,,0,7876820
1717040700,249.25,264.68501,243.705,257.775,272.43213751392716,278.77737328761714,,0,14883520
1717472700,257,257,212.97,251.495,272.43213751392716,278.77737328761714,,0,27829140
1717731900,254.76499,269.4,250.53999,268.23999,269.5737080111418,273.9748966300937,,0,10656210
1718163900,269.105,269.7,259.605,260.2,269.5737080111418,273.9748966300937,,0,12015290
1718682300,262.6,267.8,257.5,258.13999,269.5737080111418,273.9748966300937,,0,9945430
1718941500,260,263.5,252.5,255.78,262.5309684089134,271.179917304075,,0,11657030
1719373500,256.97,265.75,253.83999,260.2,262.5309684089134,271.179917304075,,0,11281320
1719805500,259.9,259.9,228.705,234.36001,262.5309684089134,271.179917304075,,0,77621580
1720064700,235.18,241,231.525,232.93501,254.5207747271307,263.97993384326,,0,22193880
1720496700,235.3,236.6,220.11001,221.11001,254.5207747271307,263.97993384326,,0,29221130
1720755900,222.595,232.02,221,222.48,254.5207747271307,263.97993384326,,0,21433010
1721274300,222.61001,223.26499,205.8,212.045,246.42461778170454,255.705949074608,,0,22642770
1721706300,211.845,231.605,202.5,212.925,246.42461778170454,255.705949074608,,0,45222750
1721965500,212.925,216.57,211.595,214.03999,246.42461778170454,255.705949074608,,0,15133050
1722397500,208.905,230.95,208.3,224.475,239.22769222536363,246.3457592596864,,0,51661330
1722829500,218.08,220,203,215.27,239.22769222536363,246.3457592596864,,0,24870720
1723088700,216.5,220.81001,209.83999,210.43999,239.22769222536363,246.3457592596864,,0,15059610
1723520700,212.595,217.055,207.8,216.01499,244.52015178029092,239.5956074077491,,0,12096350
1724039100,219.5,285.5,217.525,269.98999,244.52015178029092,239.5956074077491,281.2175,1,259789220
1724298300,270.675,273,255,265.68999,244.52015178029092,239.5956074077491,,0,41052900
1724730300,267.9,268.68,255.8,257.105,243.90312342423272,245.25648592619928,,0,16183330
1724989500,259.9,263.62,251.83999,254.455,243.90312342423272,245.25648592619928,,0,16975610
1725421500,252,259.005,240.105,241.43501,243.90312342423272,245.25648592619928,,0,18926060
1725853500,240,250.62,231.515,239.625,245.61049873938617,244.20518874095941,,0,17299710
1726112700,240,263.77,237.19,258.12,245.61049873938617,244.20518874095941,259.81345,1,31181100
1726544700,258,269.4,247.205,252.44,245.61049873938617,244.20518874095941,,0,44834040
1726803900,254.405,264.765,252.6,260.02,251.33139899150893,246.24515099276755,,0,21694180
1727235900,259.5,259.5,244.525,253.23,251.33139899150893,246.24515099276755,,0,19691000
1727667900,249.38,279.43,245,274.215,251.33139899150893,246.24515099276755,,0,137711330
1728013500,270.745,274.98,249.605,259.715,265.78511919320715,251.14512079421402,,0,57414530
1728445500,259.715,271.865,255.1,270.31,265.78511919320715,251.14512079421402,,0,28032230
1728877500,271.89,339.3,267.6,323.6,265.78511919320715,251.14512079421402,,0,375300440
1729136700,321.995,323,300,301.635,272.0190953545657,265.3150966353712,,0,110700180
1729568700,301.84,305.77,285.8,286.98,272.0190953545657,265.3150966353712,,0,59376870
1729827900,288.5,298.315,276.03,296.955,272.0190953545657,265.3150966353712,,0,50068500
1730259900,296.955,312.4,296.185,307.02,273.20027628365256,271.64307730829694,,0,35463060
1730691900,305.7,307.49,283.305,294.035,273.20027628365256,271.64307730829694,,0,42467980
1730951100,294.795,301.5,276.125,277.925,273.20027628365256,271.64307730829694,,0,38489680
1731383100,279.8,283.895,260.5,269.565,276.74422102692205,273.27446184663756,,0,36149360
1731901500,270.595,275.4,262.3,271.93,276.74422102692205,273.27446184663756,,0,26858020
1732247100,274.065,293.8,266.805,290.92,276.74422102692205,273.27446184663756,,0,44914660
1732679100,295.5,296.9,285.5,289.71,289.90237682153764,277.7195694773101,,0,34838510
1733111100,283.86,309.8,283.86,303.205,289.90237682153764,277.7195694773101,,0,36898380
1733370300,304.55,350.315,303.945,342.535,289.90237682153764,277.7195694773101,,0,119414660
1733802300,344.155,347.905,336.6,343.285,289.5559014572301,291.00665558184807,,0,43578500
1734061500,342.895,342.895,314.515,315.425,289.5559014572301,291.00665558184807,,0,62304570
1734493500,317.1,319.5,285,288.17,289.5559014572301,291.00665558184807,,0,49721450
1734925500,293.49,295.87,283.635,290.395,290.2777211657841,291.50332446547844,,0,31329500
1735271100,291,295.985,282.705,293.165,290.2777211657841,291.50332446547844,,0,27598890
1735703100,295,304.2,284.92,285.62,281.1531769326273,292.20265957238274,,0,45103910
1736135100,288.5,299,263.005,265.365,281.1531769326273,292.20265957238274,,0,58833100
1736394300,266,268.8,239.2,244.655,281.1531769326273,292.20265957238274,,0,50304500
1736826300,237,256.77,227.4,248.55,271.6095415461018,281.1621276579062,,0,106863870
1737085500,248.5,260.9,243.015,252.53,271.6095415461018,281.1621276579062,,0,37399610
1737517500,251.5,252.275,232,233.435,271.6095415461018,281.1621276579062,,0,38857090
1737949500,230.665,231.865,215.03,229.655,267.25163323688145,271.06270212632495,,0,47485920
1738208700,231,252,225.5,247.89,267.25163323688145,271.06270212632495,,0,34975390
1738554300,242.395,253.685,230.475,249.82,267.25163323688145,271.06270212632495,,0,47100400
1738813500,249.85,250.4,233,234.28,258.0693065895051,266.82016170105993,,0,20060510
1739245500,234.99,238,219.5,231.26,258.0693065895051,266.82016170105993,,0,40174030
1739504700,232.695,234.125,215.01,221.34,258.0693065895051,266.82016170105993,,0,26754100
1739936700,220.1,244.12,217.215,235.66,246.7394452716041,257.47612936084795,,0,29767890
1740368700,232.935,234.395,214,219.58,246.7394452716041,257.47612936084795,,0,30585590
1740714300,217.995,222.295,194.4,201.42,246.7394452716041,257.47612936084795,,0,76782700
1741146300,201.4,215.9,199.55,209.8,239.23055621728327,246.26090348867837,,0,38091790
1741578300,209.5,212.645,195.6,196.23,239.23055621728327,246.26090348867837,,0,27787440
1741837500,198.595,209.9,194.1,209.195,239.23055621728327,246.26090348867837,,0,29959880
1742355900,210.84,234.44,209.555,233.68,237.74344497382663,239.17672279094268,,0,51074490
1742787900,235,242.4,226.75,232.465,237.74344497382663,239.17672279094268,,0,37061010
1743047100,231.5,239.8,227.3,231.795,237.74344497382663,239.17672279094268,,0,28600250
1743565500,232.395,247.5,227.1,228.54,237.2467559790613,237.82037823275414,,0,41162350
1743997500,205.7,227,205.7,222.84,237.2467559790613,237.82037823275414,,0,38638990
1744343100,229.875,237.2,225.125,235.26,237.2467559790613,237.82037823275414,,0,26641310
1744861500,220.1,255.25,220.1,252.07,236.04340478324903,234.2763025862033,,0,103878400
1745379900,253.33,254.51,230.51,232.84,236.04340478324903,234.2763025862033,248.28300000000002,0,57468470
1745811900,232.84,240.5,230,231.23,236.04340478324903,234.2763025862033,,0,22474750
1746157500,231.23,239.9,228.51,229.93,239.80872382659922,233.66704206896262,,0,20759450
1746589500,226.59,242.42,225.29,232.65,239.80872382659922,233.66704206896262,,0,27925490
1747021500,239,257.96,238.61,254.87,239.80872382659922,233.66704206896262,,0,29563360
1747280700,256.14,283.89,255.37,280.23,252.10497906127938,238.16163365517008,,0,56747650
1747712700,281,294.8,274.55,291.36,252.10497906127938,238.16163365517008,,0,57025930
1747971900,290.9,311.9,289.81,301.29,252.10497906127938,238.16163365517008,,0,59187000
1748403900,301.61,309.3,298.32,303.56,265.7299832490235,250.85130692413605,,0,26854580
1748835900,303.87,318.5,301.6,312.86,265.7299832490235,250.85130692413605,,0,36926360
1749095100,315.5,328.5,312.11,320.23,265.7299832490235,250.85130692413605,,0,36324930
1749527100,321.8,322.09,300.41,301.76,269.13798659921883,265.0410455393088,,0,21173070
1749786300,294.56,298.45,285,287.36,269.13798659921883,265.0410455393088,,0,23541360
1750218300,287.36,291.91,275.8,282.77,269.13798659921883,265.0410455393088,,0,26739600
1750650300,280,301.5,278.18,286.13,274.32238927937505,268.03283643144704,,0,37183710
1750909500,288,298.3,283.17,292.28,274.32238927937505,268.03283643144704,,0,31941350
1751341500,292.52,297.69,289.31,295.06,274.32238927937505,268.03283643144704,,0,18742610
1751600700,288.5,288.5,260.77,269.26,273.79391142350005,272.1262691451576,,0,76656330
1752032700,269.5,278.1,266.5,267.89,273.79391142350005,272.1262691451576,,0,24921040
1752464700,272.5,275.9,263.03,271.68,273.79391142350005,272.1262691451576,,0,33368010
1752723900,274.5,279.54,267,270.63,271.67712913880007,272.6010153161261,,0,43172310
1753155900,274,287.2,273,279.69,271.67712913880007,272.6010153161261,,0,56462780
1753415100,278.8,278.8,258,263.21,271.67712913880007,272.6010153161261,,0,20349180
1753847100,264.79,265.23,256.2,256.98,268.30370331104007,271.03881225290087,,0,13691240
1754279100,257.8,266.86,254.24,261.09,268.30370331104007,271.03881225290087,,0,26239850
1754538300,257.6,265.3,252.84,254.81,268.30370331104007,271.03881225290087,,0,15800270
1754970300,255.06,267.34,250.2,264.22,263.58096264883204,267.8430498023207,,0,21240130
1755488700,266.99,273.68,263.7,272.08,263.58096264883204,267.8430498023207,,0,18084220
1755747900,272.08,273.5,243.52,244.69,263.58096264883204,267.8430498023207,,0,53306640
1756179900,244.7,245.12,219.84,220.98,257.6847701190656,263.2144398418566,,0,47547980
1756698300,222.6,232.41,219.5,227.22,257.6847701190656,263.2144398418566,,0,29233060
1756957500,229.9,234.9,224.96,234.1,257.6847701190656,263.2144398418566,,0,23108110
1757389500,235,237.5,220.82,221.6,251.4798160952525,257.57155187348525,,0,33380350
1757648700,223,227.4,221,223.04,251.4798160952525,257.57155187348525,,0,30599770
1758080700,224,228.2,222.99,226.66,251.4798160952525,257.57155187348525,,0,16020500
1758512700,226,226.72,218.21,220.24,245.20985287620198,251.2572414987882,,0,17952960
1758771900,219.5,223,210.21,212.49,245.20985287620198,251.2572414987882,,0,25374960
1759203900,213.9,221.87,210.1,220.13,245.20985287620198,251.2572414987882,,0,16099620
1759722300,221.1,230.9,217.27,221.75,245.81988230096158,245.22579319903056,,0,27530450
1759981500,222.5,236.6,221.3,234.07,245.81988230096158,245.22579319903056,233.051,1,29595120
1760413500,236.39,253.03,234.74,248.26,245.81988230096158,245.22579319903056,249.23454999999998,0,77023930
1760672700,246.81,255.9,246.07,249.78,246.91790584076927,245.54263455922447,,0,22785320
1761191100,250.59,258.51,248.05,257.7,246.91790584076927,245.54263455922447,,0,16594800
1761623100,258,258.8,245.04,251.31,246.91790584076927,245.54263455922447,,0,15769240
1761882300,251.31,258.42,240.9,251.84,251.80432467261545,246.6961076473796,,0,22569860
1762400700,253,267.33,244.6,260.64,251.80432467261545,246.6961076473796,,0,38172440
1762832700,260.64,276.83,260.2,271.35,251.80432467261545,246.6961076473796,,0,37008360
1763091900,271.35,286.7,271.07,279.34,256.4334597380924,251.62688611790367,,0,27932390
1763523900,279.4,285,274.1,274.81,256.4334597380924,251.62688611790367,,0,19691690
1763955900,275.3,276.54,266.1,274.95,256.4334597380924,251.62688611790367,,0,13721480
1764215100,275.99,277.6,267.6,276.34,255.81676779047388,256.49950889432296,,0,18364890
1764647100,275.27,282.5,261.8,262.5,255.81676779047388,256.49950889432296,,0,48107810
1764906300,262.21,265.5,245.92,253.35,255.81676779047388,256.49950889432296,,0,16817340
1765338300,253.49,260.46,246,259.53,256.28541423237914,255.89760711545836,,0,15713650
1765770300,258,260.8,249.1,250.46,256.28541423237914,255.89760711545836,252.84,0,9894990
1766029500,251,259.24,244.91,258.16,256.28541423237914,255.89760711545836,,0,18033260
1766461500,258.19,258.53,248.47,249.58,251.90833138590332,256.3560856923667,,0,11630530
1766979900,249.42,249.87,232.5,234.4,251.90833138590332,256.3560856923667,,0,43490100
1767239100,235.2,242.7,232.07,240.2,250.31266510872265,252.12486855389338,,0,23983430
1767671100,240.7,251.74,239.03,241.26,250.31266510872265,252.12486855389338,,0,25552580
1767930300,242.43,245.5,229.76,243.93,250.31266510872265,252.12486855389338,,0,31449230
1768362300,244.51,277.86,243.5,269.51,252.55213208697813,250.60189484311468,,0,80693770
1768880700,269.4,269.41,251.8,256.66,252.55213208697813,250.60189484311468,264.012,0,26145210
1769139900,256.66,262.18,249.2,261.51,252.55213208697813,250.60189484311468,,0,15374000
1769658300,261.51,263.8,219.95,231.3,256.3517056695825,252.78351587449174,,0,49900220
1770003900,231.3,269.5,225.61,268.67,256.3517056695825,252.78351587449174,,0,60240750
1770263100,266.5,272.46,256.52,271.55,256.3517056695825,252.78351587449174,,0,17784800
1770695100,272.4,280.87,270.53,275.2,255.00736453566597,256.7068126995934,,0,18142750
1770954300,270.9,273.34,244.1,257.02,255.00736453566597,256.7068126995934,,0,34818500
1771386300,258.3,265.48,248.25,249.63,255.00736453566597,256.7068126995934,,0,24355970
1771818300,252.4,253,241.5,248.99,247.9178916285328,255.84545015967473,,0,20424400
1772077500,251,254.9,220,226.32,247.9178916285328,255.84545015967473,,0,23287122
1772595900,222.2,230.51,217.52,219.56,247.9178916285328,255.84545015967473,,0,19856419
1773027900,215,227.7,209,218.53,244.81831330282625,247.67636012773977,,0,17517486
1773287100,216,218.38,208.63,216.63,244.81831330282625,247.67636012773977,,0,31058896
1773719100,218,237.9,214.5,232.42,244.81831330282625,247.67636012773977,,0,45882319
1773978300,235.9,237.8,218.8,230.44,245.064650642261,245.32108810219182,,0,18510840
1774410300,233.5,243.8,226,227.53,245.064650642261,245.32108810219182,,0,23113403
1775015100,238.96,246.91,228.45,246.05,245.064650642261,245.32108810219182,,0,22624932
1775533500,245,284.2,242.33,281.8,259.8837205138088,245.25687048175345,,0,49638249
1775792700,281.49,298.9,273,297.76,259.8837205138088,245.25687048175345,294.4165,1,42388986
1776311100,299.35,327.95,288.72,319.16,259.8837205138088,245.25687048175345,,0,118448097
1776743100,319.35,330.23,318.73,321.21,269.44697641104705,260.07549638540274,,0,31180008
1777002300,322.81,323,309.51,319.27,269.44697641104705,260.07549638540274,,0,18690677
1777434300,319.27,323.4,303.95,307.7,269.44697641104705,260.07549638540274,,0,13438008
1777952700,307.9,324.7,303.7,322.6,276.9275811288377,269.6403971083222,,0,17416095
1778211900,322,334.95,296.95,299.1,276.9275811288377,269.6403971083222,,0,25579999
1778643900,300.1,311.55,290.8,306.85,276.9275811288377,269.6403971083222,,0,18404343
1779075900,302.8,330,298.4,325,289.00206490307016,276.27231768665774,,0,31693405
1779335100,327.8,348.7,327,346.45,289.00206490307016,276.27231768665774,,0,43942180
1779767100,347,351,335.05,337.3,289.00206490307016,276.27231768665774,,0,19091979
1780285500,341,345.55,327.6,334.75,295.9516519224561,289.2178541493262,,0,19004281
1780544700,334,343.55,319.5,325.7,295.9516519224561,289.2178541493262,,0,23718004
1780976700,327.9,340,321.65,323.75,295.9516519224561,289.2178541493262,,0,11761029
1781235900,329,356.15,325.05,348.25,304.8913215379649,297.1742833194609,,0,28462448
1781667900,349.95,360.45,343.75,353.7,304.8913215379649,297.1742833194609,,0,24118071
1782099900,354.9,356.2,335.75,340.65,304.8913215379649,297.1742833194609,,0,15625093
1782359100,341.5,344.75,327.1,330.65,310.1530572303719,306.0394266555687,,0,12889262
1782877500,330,356.75,327.55,352.25,310.1530572303719,306.0394266555687,,0,22989221
1783309500,352,352,327.55,331.2,310.1530572303719,306.0394266555687,,0,22123437
1783568700,331.35,349.5,331.35,340.25,312.50244578429755,311.10154132445496,,0,16266733
1784000700,340,355.3,332.2,334.8,312.50244578429755,311.10154132445496,,0,38609689
1784259900,337.05,337.4,320.8,321.9,312.50244578429755,311.10154132445496,,0,19635524
1784691900,322.15,323,301.2,307.95,310.40195662743804,313.31123305956396,,0,16049260
1785123900,309.9,312.5,299,302.5,310.40195662743804,313.31123305956396,,0,14984176
1785383100,302,302.5,290.05,302,310.40195662743804,313.31123305956396,,0,24295280
1785815100,301,305.05,296.45,297.1,305.7815653019504,310.84898644765116,,0,10849900
1786074300,297.05,298.75,287.6,291.4,305.7815653019504,310.84898644765116,,0,14769808
1786506300,290.75,294.3,285.25,287.3,305.7815653019504,310.84898644765116,,0,10391530
1786938300,287,295.65,281.6,289.5,303.80525224156037,306.0791891581209,,0,13854429
1787197500,290.6,296.3,284.4,286,303.80525224156037,306.0791891581209,,0,12578268
1787629500,286.8,305.45,284,295.9,303.80525224156037,306.0791891581209,,0,23654951
1787888700,295.9,297.7,278.25,281.55,303.9542017932483,304.04335132649675,,0,21095546
1788320700,280.25,308.35,275.25,299.8,303.9542017932483,304.04335132649675,,0,38444304
1788752700,300.9,307,298.05,304.7,,,,,7009973